METODO;TAMANHO;EXECUCAO(s);TROCA;COMPARACAO;VARREDURA
BUBBLE;1000;0.003000;256353;499500;999
SELECTION;1000;0.002000;992;499500;1000
MERGE;1000;0.000000;9976;8715;999
BUBBLE;10000;0.566000;25016801;49995000;9999
SELECTION;10000;0.168000;9990;49995000;10000
MERGE;10000;0.009000;133616;120470;9999