METODO ; TAMANHO ; EXECUCAO(s) ; TROCA ; COMPARACAO ; VARREDURA 
BUBBLE ; 10000 ; 0.438000 ; 25016801 ; 49995000 ; 9999 
SELECTION ; 10000 ; 0.160000 ; 9990 ; 49995000 ; 10000 
MERGE ; 10000 ; 0.011000 ; 133616 ; 120470 ; 9999 
BUBBLE ; 100000 ; 51.056000 ; -1797917884 ; 704982704 ; 99999 
SELECTION ; 100000 ; 15.830000 ; 99983 ; 704982704 ; 100000 
MERGE ; 100000 ; 0.060000 ; 1668928 ; 1536348 ; 99999 
MERGE ; 100000000 ; 62.970001 ; -1629185024 ; -1762738115 ; 99999999 